{"e2e_model": {"latency_ms_p50": 2857.349991798401, "latency_ms_p90": 2910.9119415283203, "latency_ms_p95": 2926.601207256317, "latency_ms_p99": 2933.258969783783, "latency_ms_p100": 2934.9234104156494, "latency_ms_avg": 2841.0605669021606, "throughput": 360.4287820996898}, "context_encoding_model": {"latency_ms_p50": 20.636916160583496, "latency_ms_p90": 20.769023895263672, "latency_ms_p95": 20.816147327423096, "latency_ms_p99": 20.827925205230713, "latency_ms_p100": 20.830869674682617, "latency_ms_avg": 20.66025733947754, "throughput": 49563.758242417665}, "token_generation_model": {"latency_ms_p50": 4.449129104614258, "latency_ms_p90": 4.684209823608398, "latency_ms_p95": 4.733574390411377, "latency_ms_p99": 4.841475486755371, "latency_ms_p100": 6.889104843139648, "latency_ms_avg": 4.476439462949152, "throughput": 223.8289952216445}, "vision_encoder_model": null}
